<?xml version="1.0" encoding="UTF-8"?>
<ti:module xmlns:ti="http://ti.appcelerator.org" xmlns:android="http://schemas.android.com/apk/res/android">
	<!--
		Similar to tiapp.xml, but contains module/platform specific
		configuration in <iphone> and <android> sections
	-->
	<iphone>
	</iphone>
	<android xmlns:android="http://schemas.android.com/apk/res/android">
		<manifest>
			<application android:usesCleartextTraffic="true">
				<meta-data
					android:name="install_channel"
					android:value="AppGallery">
				</meta-data>
			</application>
		</manifest>
	</android>
</ti:module>
