{"proxies":{"huawei.analytics.TitaniumHuaweiAnalyticsModule":{"superPackageName":"org.appcelerator.kroll","methods":{"setAnalyticsEnabled":{"runOnUiThread":false,"hasInvocation":false,"args":[{"converter":"org.appcelerator.kroll.KrollConverter","defaultValueProvider":"org.appcelerator.kroll.KrollConverter","name":"analyticsEnabled","sourceName":"analyticsEnabled","type":"boolean"}],"apiName":"setAnalyticsEnabled","converter":"org.appcelerator.kroll.KrollConverter","defaultValueProvider":"org.appcelerator.kroll.KrollConverter","name":"__default_name__","returnType":"void"},"log":{"runOnUiThread":false,"hasInvocation":false,"args":[{"converter":"org.appcelerator.kroll.KrollConverter","defaultValueProvider":"org.appcelerator.kroll.KrollConverter","name":"key","sourceName":"key","type":"java.lang.String"},{"converter":"org.appcelerator.kroll.KrollConverter","defaultValueProvider":"org.appcelerator.kroll.KrollConverter","name":"value","sourceName":"value","type":"org.appcelerator.kroll.KrollDict"}],"apiName":"log","converter":"org.appcelerator.kroll.KrollConverter","defaultValueProvider":"org.appcelerator.kroll.KrollConverter","name":"__default_name__","returnType":"void"},"configure":{"runOnUiThread":false,"hasInvocation":false,"args":[],"apiName":"configure","converter":"org.appcelerator.kroll.KrollConverter","defaultValueProvider":"org.appcelerator.kroll.KrollConverter","name":"__default_name__","returnType":"void"}},"dynamicProperties":{"analyticsEnabled":{"set":true,"nativeConverter":"org.appcelerator.kroll.KrollConverter","setMethodName":"setAnalyticsEnabled","setMethodArgs":[{"converter":"org.appcelerator.kroll.KrollConverter","defaultValueProvider":"org.appcelerator.kroll.KrollConverter","name":"analyticsEnabled","sourceName":"analyticsEnabled","type":"boolean"}],"setDefaultProviders":["org.appcelerator.kroll.KrollConverter"],"converter":"org.appcelerator.kroll.KrollConverter","defaultValueProvider":"org.appcelerator.kroll.KrollConverter","retain":true,"javascriptConverter":"org.appcelerator.kroll.KrollConverter","getHasInvocation":false,"runOnUiThread":false,"setReturnType":"void","get":false,"name":"analyticsEnabled","setHasInvocation":false}},"superProxyBindingClassName":"org.appcelerator.kroll.KrollModuleBindingGen","proxyClassName":"TitaniumHuaweiAnalyticsModule","proxyAttrs":{"propertyAccessors":[],"fullAPIName":"TitaniumHuaweiAnalytics","name":"TitaniumHuaweiAnalytics","proxyClassName":"huawei.analytics.TitaniumHuaweiAnalyticsModule","isTopLevel":false,"id":"huawei.analytics"},"packageName":"huawei.analytics","sourceName":"huawei.analytics.TitaniumHuaweiAnalyticsModuleBindingGen","isTitaniumSdk":false,"superProxyClassName":"KrollModule","isModule":true,"genClassName":"TitaniumHuaweiAnalyticsModuleBindingGen"}},"modules":{"huawei.analytics.TitaniumHuaweiAnalyticsModule":{"apiName":"TitaniumHuaweiAnalytics"}}}